attribute,par,n_itens,rho_S,rho_C,po,pe,kappa
purpose,DeepSeek × Gemini,9548,0.773207401631919,0.731751075306914,0.5131964809384164,0.4826708708268096,0.059006169168153516
purpose,DeepSeek × Qwen3,9548,0.7339136502506596,0.6761138526664475,0.42312526183493926,0.40813280382198713,0.02533078046860181
purpose,Gemini × Qwen3,9548,0.7884534538572698,0.721893711166981,0.4893171344784248,0.463829812159812,0.047535881137445085
purpose,Três juízes (Fleiss),9548,,,0.4752129590839268,0.46261178668742486,0.02344891846217771
parameter_explanation,DeepSeek × Gemini,9548,0.717596762434456,0.5416796794814297,0.5633640552995391,0.5084777151372757,0.111666025839688
parameter_explanation,DeepSeek × Qwen3,9548,0.7149527402170012,0.512861165980661,0.5191663175534144,0.4846585786471863,0.06696092624505592
parameter_explanation,Gemini × Qwen3,9548,0.8495743011340954,0.5820797135594069,0.6203393380812736,0.5479189530147677,0.16019336698464076
parameter_explanation,Três juízes (Fleiss),9548,,,0.5676232369780756,0.5181619502689951,0.10265126786208177
length_completeness,DeepSeek × Gemini,9548,0.8400755005100377,0.7666057888274844,0.5965647255969837,0.5710173030005253,0.05955350361483147
length_completeness,DeepSeek × Qwen3,9548,0.6864663388801225,0.7036806644933885,0.5409509844993716,0.5232049267880112,0.037219465360268704
length_completeness,Gemini × Qwen3,9548,0.7321979332319897,0.6789875989232872,0.5453498114788438,0.524015715624835,0.04482100891632281
length_completeness,Três juízes (Fleiss),9548,,,0.5609551738583997,0.5452200262750014,0.03459947335524745
guidelines,DeepSeek × Gemini,9548,0.819767054221227,0.8116321166596712,0.7015081692501047,0.6443031474248956,0.16082521228700067
guidelines,DeepSeek × Qwen3,9548,0.8183638685029855,0.7039487011675324,0.4250104733975702,0.4050056368554078,0.03362189254438522
guidelines,Gemini × Qwen3,9548,0.7907583297313017,0.7069886290809912,0.48900293255131966,0.44757759572211514,0.0749885169544397
guidelines,Três juízes (Fleiss),9548,,,0.5385071917329982,0.5327970352177415,0.012222004023279229
limitations,DeepSeek × Gemini,9548,0.7222241256369331,0.7721075104401423,0.8148303309593632,0.7734463151279036,0.18266759092805493
limitations,DeepSeek × Qwen3,9548,0.7018896168253691,0.6717760034682806,0.7560745705906996,0.7034956796247794,0.17732925746033845
limitations,Gemini × Qwen3,9548,0.7441796176717442,0.6637972390719639,0.8060326770004189,0.7481120241975413,0.22994608066683367
limitations,Três juízes (Fleiss),9548,,,0.7923125261834939,0.7443759590620275,0.1875276165167043
examples,DeepSeek × Gemini,9548,0.6961979352291748,0.7382818435475726,0.9372643485546711,0.9158620681182407,0.25437136328127824
examples,DeepSeek × Qwen3,9548,0.6055963962262029,0.6214291566018655,0.9193548387096774,0.8958981138055966,0.22532468681957316
examples,Gemini × Qwen3,9548,0.7239226954367418,0.6544507315469807,0.9366359447004609,0.9074567826459794,0.3153030863716102
examples,Três juízes (Fleiss),9548,,,0.9310850439882697,0.9065792900694991,0.26231607463699824
geral,DeepSeek × Gemini,57288,0.8633772738027358,0.8315199247529701,0.6877880184331797,0.6331539471487291,0.14892915123336692
geral,DeepSeek × Qwen3,57288,0.7705863048669436,0.7291510398017219,0.5972804077642787,0.5517537790887977,0.10156611824397245
geral,Gemini × Qwen3,57288,0.8309835160324011,0.7714401795660372,0.6477796397151235,0.5857867363426711,0.14966421602505237
geral,Três juízes (Fleiss),57288,,,0.6442826886375274,0.5958940027504462,0.11974255818133506
